Time,TPS (Received),TPS (Endorsed Successfully),TPS (Committed Successfully)
0,94.26666666666667,94.33333333333333,72.13333333333333
5,0.2,0.2,0
10,190.6,190.33333333333334,234.26666666666665
15,544.9333333333333,544.8666666666667,588.5999999999999
20,666.4666666666667,666.4666666666667,666.6
25,476.06666666666666,476.3333333333333,432.3333333333333
