Time,Enqueue Duration (s)
2,0.0000329
7,0.0000335
12,0.0000328
17,0.0000327
22,0.0000319
27,0.0000318
32,0.0000310
37,0.0000309
42,0.0000300
