Time,Enqueue Duration (s)
4,0.0000306
9,0.0000292
14,0.0000288
19,0.0000280
24,0.0000286
29,0.0000286
34,0.0000293
39,0.0000285
44,0.0000293
