Time,Enqueue Duration (s)
0,NaN
5,0.0000343
10,0.0000393
15,0.0000389
20,0.0000393
25,0.0000382
