Time,TPS (Received),TPS (Endorsed Successfully),TPS (Committed Successfully)
4,0,0,0.1
9,107.73333333333333,107.53333333333333,165.56666666666666
14,383.06666666666666,382.6,452.23333333333335
19,625.2,625.2,655.6333333333333
24,558.9333333333333,559.1333333333333,501.1
29,283.6,284.06666666666666,214.43333333333334
