Time,Enqueue Duration (s)
4,0.0000302
9,0.0000332
14,0.0000332
19,0.0000332
24,0.0000456
29,0.0000592
34,0.0000563
39,0.0000605
44,0.0000435
49,NaN
54,NaN
59,NaN
