Time,HostCPU,OrdererCPU,PeersCPU,PeersCPU,PeersCPU,PeersCPU,PeersCPU,PeersCPU,PeersCPU,PeersCPU,PeersCPU,PeersCPU,PeersCPU,PeersCPU,PeersCPU,PeersCPU,PeersCPU,PeersCPU
4,0.33333333333333215,0.6666666666666288,1.1999999999996664,0.9333333333334317,,,,,,,1.0000000000000377,1.0000000000000377,,,,,,
9,0.33333333333333215,18.26666666666673,22.133333333333667,14.400000000000166,,,,,,,13.06666666666653,22.26666666666669,,,,,,
14,0.4000000000000033,39.466666666666775,80.39999999999964,43.66666666666674,,,,,,,42.06666666666668,48.53333333333334,,,,,,
19,0.4666666666666626,47.73333333333331,127.26666666666688,59.66666666666659,,,,,,,59.66666666666659,59.39999999999998,,,,,,
24,0.4000000000000033,30.1333333333334,113.73333333333298,46.26666666666665,,,,,,,47.6666666666667,38.133333333333326,,,,,,
29,0.3999999999999974,8.999999999999963,55.26666666666642,16.93333333333328,,,,,,,18.599999999999948,11.800000000000068,,,,,,
