Time,Enqueue Duration (s)
2,0.0000327
7,0.0000298
12,0.0000290
17,0.0000285
22,0.0000283
27,0.0000283
32,0.0000280
37,0.0000279
42,0.0000280
