Time,Enqueue Duration (s)
0,NaN
5,NaN
10,0.0000323
15,0.0000287
20,0.0000286
25,0.0000274
30,0.0000273
35,0.0000288
40,0.0000311
45,0.0000333
50,0.0000336
