Time,Enqueue Duration (s)
4,0.0000330
9,0.0000404
14,0.0000470
19,0.0000451
24,0.0000477
29,0.0000362
