Time,HostCPU,OrdererCPU,PeersCPU,PeersCPU,PeersCPU,PeersCPU,PeersCPU,PeersCPU,PeersCPU,PeersCPU,PeersCPU,PeersCPU,PeersCPU,PeersCPU,PeersCPU,PeersCPU,PeersCPU,PeersCPU
0,0.3333333333333336,0.13333333333340155,15.400000000000395,3.6666666666667425,,,,,,,,,,,,,,
5,0.3333333333333336,3.933333333333356,0.9999999999998485,0.7333333333332348,,,,,,,,,,,,,,
10,0.3333333333333336,29.866666666666784,37.86666666666709,21.133333333333248,,,,,,,,,,,,,,
15,0.33333333333333215,48.333333333333336,107.79999999999971,48.86666666666656,,,,,,,,,,,,,,
20,0.39999999999999886,44.59999999999999,130,50.73333333333342,,,,,,,,,,,,,,
25,0.39999999999999886,18.73333333333335,93.13333333333276,30.333333333333407,,,,,,,,,,,,,,
