Time,Enqueue Duration (s)
1,NaN
6,NaN
11,NaN
16,NaN
21,NaN
26,0.0000493
31,0.0000456
36,0.0000479
41,0.0000478
46,0.0000536
51,0.0000428
56,0.0000519
61,0.0000528
66,0.0000536
71,0.0000754
76,0.0000860
81,0.0000941
86,0.0000890
91,0.0000930
