Time,Sent (peer0.org1.dwntp.com:9443),Sent (peer1.org1.dwntp.com:9443),Sent (peer10.org1.dwntp.com:9443),Sent (peer11.org1.dwntp.com:9443),Sent (peer12.org1.dwntp.com:9443),Sent (peer13.org1.dwntp.com:9443),Sent (peer14.org1.dwntp.com:9443),Sent (peer15.org1.dwntp.com:9443),Sent (peer2.org1.dwntp.com:9443),Sent (peer3.org1.dwntp.com:9443),Sent (peer4.org1.dwntp.com:9443),Sent (peer5.org1.dwntp.com:9443),Sent (peer6.org1.dwntp.com:9443),Sent (peer7.org1.dwntp.com:9443),Sent (peer8.org1.dwntp.com:9443),Sent (peer9.org1.dwntp.com:9443),Received (peer0.org1.dwntp.com:9443),Received (peer1.org1.dwntp.com:9443),Received (peer10.org1.dwntp.com:9443),Received (peer11.org1.dwntp.com:9443),Received (peer12.org1.dwntp.com:9443),Received (peer13.org1.dwntp.com:9443),Received (peer14.org1.dwntp.com:9443),Received (peer15.org1.dwntp.com:9443),Received (peer2.org1.dwntp.com:9443),Received (peer3.org1.dwntp.com:9443),Received (peer4.org1.dwntp.com:9443),Received (peer5.org1.dwntp.com:9443),Received (peer6.org1.dwntp.com:9443),Received (peer7.org1.dwntp.com:9443),Received (peer8.org1.dwntp.com:9443),Received (peer9.org1.dwntp.com:9443)
4,8.2,7.3999999999999995,,,,,,,7.533333333333333,7.6,,,,,,,8.2,7.3999999999999995,,,,,,,7.533333333333333,7.6,,,,,,
9,40,58.06666666666666,,,,,,,53.266666666666666,82.2,,,,,,,40.13333333333333,58.06666666666666,,,,,,,53.266666666666666,82.26666666666667,,,,,,
14,125.86666666666666,149.6,,,,,,,142.86666666666667,168.53333333333333,,,,,,,125.06666666666666,150,,,,,,,142.66666666666666,169.13333333333333,,,,,,
19,198.73333333333332,212.46666666666667,,,,,,,212.26666666666665,211.2,,,,,,,197.86666666666667,212.93333333333334,,,,,,,212.13333333333333,211.73333333333332,,,,,,
24,180.93333333333334,162.26666666666665,,,,,,,167.4,137.93333333333334,,,,,,,179.93333333333334,162.73333333333332,,,,,,,167.26666666666665,138.4,,,,,,
29,95.06666666666666,71.06666666666666,,,,,,,77.66666666666667,52.13333333333333,,,,,,,95,71.13333333333333,,,,,,,77.73333333333333,52.06666666666666,,,,,,
